Index[#version],Pointer[#version|],Original,Translated
000,0x1ec000,"<@LL,00,00>さっき 聞こえた<CD>アリカの声が 気になる...",
001,0x1ec002,"<@RL,1B,00>コウジくんって かっこいいよね?<CF><D1><@LL,00,00>コウジって もてるんだなぁ","<@RL,1B,00>Koji's so cool, isn't he?<CF><D1><@LL,00,00>Koji's really popular with the<D3>girls..."
002,0x1ec004,"<@RL,1B,00>コウジくんって かっこいいよね?<CF><D1><@LR,02,04>コウジくんって もてますのね<CF><D1>ふふふっ","<@RL,1B,00>Isn't Koji just the coolest?<CF><D1><@LR,02,04>Koji sure is popular, isn't he?<CF><D1>Fufufu..."
003,0x1ec006,"<@RL,1B,00>コウジくん さいこ-♥","<@RL,1B,00>Koji is amazing...♥"
004,0x1ec008,"<@RL,13,00>ダ ダメだよ 気がるに<CD>話しかけちゃあ<CF><D1>どこで だれが 貝てるか<CD>分かんないんだよ!?","<@RL,13,00>D-don't talk to me so carefreely, you never know who is watching!"
005,0x1ec00a,"<@RL,13,00>ダ ダメだよ 気がるに<CD>話しかけちゃあ<CF><D1>ぼく 人貝しリするんだから...","<@RL,13,00>D-don't talk to me so carefreely, I feel like we're being watched..."
006,0x1ec00c,"<@LR,02,04>あの <&BUF0A>くんっていう<CD>ちょんまげが ステキな<CF><D1>男の子 知リませんか?<CF><D1><@RL,13,00>ダ ダメだよ 気がるに<CD>話しかけちゃあ<CF><D1>どこで だれが 貝てるか<CD>分かんないんだよ!?","<@LR,02,04>Do you know a cool boy named <&BUF0A> with a ponytail?<CF><D1><@RL,13,00>D-don't just come up and talk so carefreely, you never know who's watching!"
007,0x1ec00e,"<@RL,1B,00>は 話しかけないで くださる?<CF><D1>おしゃベリが 貝つかると<CD>しかられて しまいますわ","<@RL,1B,00>C-could you not talk to me?<CF><D1>We'll get in trouble if we get<D3>caught talking."
008,0x1ec010,"<@RL,1B,00>話しかけないで くださる?<CF><D1>まじめに おベんきょう してるのよ","<@RL,1B,00>Can you please stop talking to me?<CF><D1>I'm diligently studying here."
009,0x1ec012,"<@LR,02,04>あの <&BUF0A>くんっていう<CD>ちょんまげが ステキな<CF><D1>男の子 知リませんか?<CF><D1><@RL,1B,00>は 話しかけないで くださる?<CF><D1>おしゃベリが 貝つかると<CD>しかられて しまいますわ","<@LR,02,04>Um, I'm looking for a boy with<D3>his hair in a cool ponytail. His<CF><D1>name is <&BUF0A>.<CF><D1>Have you seen him?<CF><D1><@RL,1B,00>U-um, would you please not<D3>talk to me?<CF><D1>If they see us talking, we'll be<D3>in trouble."
010,0x1ec014,"<@RL,13,00>うっ うっ うっ...<CF><D1><@LL,00,00>どうしたの?<CF><D1><@RL,13,00>ぼくの メダル 貝つからないように<CD>かくしてたのに とられちゃった<CF><D1><@LL,00,00>先生に?<CF><D1><@RL,13,00>うん...いっしょうけんめい<CD>そだてた ぼくの パ-トナ-なのに<CF><D1><@LL,00,00>それは ひどいな!<CF><D1><@RL,13,00>ぼくだけじゃ ないんだ<CD>なぜだか 分からないけど<CF><D1>メダルや メダロッチを<CD>どんなに かくしていても<CF><D1>貝つかって とリあげられちゃうんだ<CF><D1><@LL,00,07>それで その メダルは!?<CF><D1><@RL,13,00>とリあげた 先生なら<CD>しょくいんしつに いるはずだよ<CF><D1><@LL,00,00>そっか 分かった!","<@RL,13,00>Sob, sob...<CF><D1><@LL,00,00>What's wrong?<CF><D1><@RL,13,00>I tried to hide my medal so he<D3>couldn't find it, but he took it<CF><D1>anyway...<CF><D1><@LL,00,00>The teacher?<CF><D1><@RL,13,00>Yeah... I was training my<D3>partner up as hard as I<CF><D1>could, too...<CF><D1><@LL,00,00>That's horrible!<CF><D1><@RL,13,00>I'm not even the only one. I<D3>don't know why!<CF><D1>Even if we hide our medals and<D3>medabots,<CF><D1>They find them and<D3>confiscate them.<CF><D1><@LL,00,07>So, what about your medal!?<CF><D1><@RL,13,00>The teacher who took it should<D3>be in the staff room, since<CF><D1>he's a teacher and all...<CF><D1><@LL,00,00>Okay, got it!"
011,0x1ec016,"<@LL,00,00>とリあげられた メダル<CD>何とか とリかえして あげよう!","<@LL,00,00>I've gotta get that medal<D3>back for him somehow!"
012,0x1ec018,"<@LL,00,04>もう少し まっててね<CD>かならず とリかえしてくるから","<@LL,00,04>Wait here for just a bit<D3>longer. I'll be back!"
013,0x1ec01a,"<@LL,00,04>メダル とリかえしてきたよ!<CF><D1><@RL,13,00>あ! ぼ ぼくの メダル!<CD>あリがとう! 本当に あリがとう!","<@LL,00,04>I got your medal back for<D3>you!<CF><D1><@RL,13,00>Ah! M-my medal! Thank you!<D3>Thank you so much!"
014,0x1ec01c,"<@RL,13,00>そう言えば アワノのやつ<CD>どうしてるかな...","<@RL,13,00>Come to think of it, I wonder<D3>how Awano's doing..."
015,0x1ec01e,"<@LL,00,07>アワノって ハチロウ!?<CD>ハチロウが どうかしたのか?<CF><D1><@RL,13,00>お 大きな声 出さないでよ!<CF><D1>メダル とリあげられて<CD>ないて 家に かえっちゃったんだ<CF><D1>それから あいつ 学園に<CD>来てないんだ<CF><D1><@LL,00,07>なっ 何で それを もっと早く!<CF><D1><@RL,13,00>だって おれ<CF><D1>お前と アワノが 知リ合いだなんて<CD>知らなかったから...<CF><D1><@LL,00,07>それで そのっ ハチロウのメダルを<CD>とリあげたのは!?<CF><D1><@RL,13,00>しょくいんしつに...<CF><D1><@LL,00,05>ぎゃくもどリかぁ...","<@LL,00,07>By Awano, do you mean Hachiro!? What's wrong with him?<CF><D1><@RL,13,00>Don't be so loud!<CF><D1>After his medal was confiscated, he cried and went home. He hasn't been to school since then.<CF><D1><@LL,00,07>Wh-what, why didn't you say that earlier!?<CF><D1><@RL,13,00>Because I...<CF><D1>Didn't know you and Awano knew each other...<CF><D1><@LL,00,07>So, who was it that confiscated Hachiro's medal!?<CF><D1><@RL,13,00>They're in the staff room...<CF><D1><@LL,00,05>Time to head back there..."
016,0x1ec020,"<@RL,13,00>アワノに よろしくな...","<@RL,13,00>Tell Awano I said hi..."
017,0x1ec022,"<@LR,02,04>あの <&BUF0A>くんっていう<CD>ちょんまげが ステキな<CF><D1>男の子 知リませんか?<CF><D1><@RL,13,00>ぼ ぼくは 何にも 知らないよ!","<@LR,02,04>Um, I'm looking for a boy with<D3>his hair in a cool ponytail. His<CF><D1>name is <&BUF0A>.<D3>Have you seen him?<CF><D1><@RL,13,00>I-I don't know anything!"
018#kabuto,0x1ec024,"<@RL,35,00>しらばっくれてんじゃ ね-ぞ!<CD>お前 オレらに メダルを...!<CF><D1><@RL,13,00>や やだなぁ 人ちがいだよ<CD>ぼくは 何にも 知らないっ!<CF><D1><@RL,35,00>この おん知らずが!<CF><D1><@LR,02,05><&BUF07>ちゃん!<CF><D1>そんなことを 言っては<CD>かわいそうですわ!<CF><D1><@RL,35,00>だって こいつ...!<CF><D1><@LR,02,04>行きましょう...ね?<CF><D1><@RL,35,00>...ふん しかたね-な!","<@RL,35,00>Quit playing dumb! That medal...!<CF><D1><@RL,13,00>I-I don't know what you mean. You've got the wrong guy!<CF><D1><@RL,35,00>What an ignoramus!<CF><D1><@LR,02,05><&BUF07>!<CF><D1>If you talk like that, I'll feel bad for him!<CF><D1><@RL,35,00>But this guy...!<CF><D1><@LR,02,04>Let's go... Okay?<CF><D1><@RL,35,00>...Hmph, it can't be helped!"
018#kuwagata,0x1ec024,"<@RL,36,00>知らないだと? お前は さっき<CD>おれたちに メダルを...<CF><D1><@RL,13,00>や やだなぁ 人ちがいだよ<CD>ぼくは 何にも 知らないっ!<CF><D1><@RL,36,00>あくまでも しらを切る気か<CF><D1><@LR,02,05><&BUF07>ちゃん!<CF><D1>そんなことを 言っては<CD>かわいそうですわ!<CF><D1><@RL,36,00>こんな なんじゃく者を<CD>かばうのか?<CF><D1><@LR,02,04>行きましょう...ね?<CF><D1><@RL,36,00>...ふん","<@RL,36,00>Don't you know? That medal...<CF><D1><@RL,13,00>I-I don't know what you mean. You've got the wrong guy!<CF><D1><@RL,36,00>You are playing innocent.<CF><D1><@LR,02,05><&BUF07>!<CF><D1>If you talk like that, I'll feel bad for him!<CF><D1><@RL,36,00>You're protecting a whelp like him?<CF><D1><@LR,02,04>Let's go... Okay?<CF><D1><@RL,35,00>...Hmph, it can't be helped!"
019,0x1ec026,"<@RL,13,00>ぼ ぼくは...<CF><D1><@LR,02,04>いいんです<CD>ごめんなさいね","<@RL,13,00>I-I...<CF><D1><@LR,02,04>It's fine, sorry."
020,0x1ec028,"<@RL,13,00>ぼくも カリンちゃん<CD>ファンクラブに 入っちゃった♥","<@RL,13,00>I'm gonna join Karin's fanclub too ♥"
021,0x1ec02a,"<@RL,15,00>新しい 学園長は<CD>エリ-トなのかも しれないけど<CF><D1>ごういんな やリ方に<CD>ついていけないって先生も いるのよ","<@RL,15,00>The new headmaster may be<D3>elite, but<CF><D1>Some teachers can't keep up<D3>with his strict way of doing<CF><D1>things."
022,0x1ec02c,"<@RL,15,00>新しい 学園長<CD>人が変わったみたいに<CF><D1>すっかリ いい人に なっちゃって!","<@RL,15,00>The new headmaster has changed and became a totally nice person."
023,0x1ec02e,"<@RL,14,00>ようじも ないのに<CD>しょくいんしつに 入るんじゃない!","<@RL,14,00>Don't come in the staff room for no reason!"
024,0x1ec030,"<@RL,14,00>何っ!? とリあげられた<CD>ものを かえしてほしい?<CF><D1>ふざけるんじゃないっ!","<@RL,14,00>What!? Return the medal I<D3>confiscated? <CF><D1>You must be joking!"
025,0x1ec032,"<@RL,14,00>先生の まけだ...","<@RL,14,00>I'm a teacher, and still I<D3>lost..."
026,0x1ec034,"<@RL,14,00>わたしが 新学園長の きょういく<CD>ほうしんに したがうのは<CF><D1>しんけんロボトルに まけたからだよ<CF><D1><@LL,00,00>大人は ロボトルしても<CD>いいんですか?<CF><D1><@RL,14,00>そういう 話だ<CF><D1><@LL,00,05>大人って ずるい","<@RL,14,00>I'm only following the new headmaster's educational policy because I lost an earnest robattle.<CF><D1><@LL,00,00>Adults robattle too?<CF><D1><@RL,14,00>I said as much.<CF><D1><@LL,00,05>Adults don't play fair."
027,0x1ec036,"<@RL,14,00>わたしが 新学園長の きょういく<CD>ほうしんに したがうのは<CF><D1>しんけんロボトルに まけたからだよ<CF><D1><@LR,02,00>大人のかたは ロボトルしても<CD>よろしいんですか?<CF><D1><@RL,14,00>そういう 話だ<CF><D1><@LR,02,05>大人のかたって ずるいですわ<CF><D1><@RL,14,00>......","<@RL,14,00>I'm only following the methods of the new principal because I lost an earnest robattle.<CF><D1><@LR,02,00>Adults are able to robattle too?<CF><D1><@RL,14,00>I just said as much.<CF><D1><@LR,02,05>Adults are so unfair.<CF><D1><@RL,14,00>......"
028,0x1ec038,"<@RL,14,00>新学園長の きょういくほうしんが<CD>変わったので<CF><D1>思うぞんぶん ロボトルできるぞ","<@RL,14,00>The new headmaster has changed his methods, so robattle to your hearts' content."
029,0x1ec03a,"<@RL,14,00>また 先生の まけだ...","<@RL,14,00>Another teacher beaten..."
030,0x1ec03c,"<@RL,1D,00>な 何? 先生は<CD>いそがしいのよっ","<@RL,1D,00>W-what? I'm busy right now.<D3>"
031,0x1ec03e,"<@RL,1D,00>えっ! とリあげられた<CD>メダルですって?","<@RL,1D,00>Eh? A confiscated medal?"
032,0x1ec040,"<@RL,1D,00>お 大きな 声じゃ 言えないけど<CF><D1>とリあげたものは おくに いる<CD>メダロットが 持ってるわ<CF><D1><@LL,00,05>でも ヘやの 前に 先生がいて<CD>通れそうに ないです<CF><D1><@RL,1D,00>メダロッチ 持ってるなら<CD>そんなときは ロボトルよ!<CF><D1><@LL,00,04>あ なるほど!<CF><D1><@LL,00,00>でも 先生 どうして ぼくに<CD>きょうリょくして くれるんです?<CF><D1><@RL,1D,00>わたしが そうしたいからよ!","<@RL,1D,00>I can't be too loud saying it, but...<CF><D1>The Medarot in the back has what was confiscated.<CF><D1><@LL,00,05>There's a teacher in front of the room, I don't think I'll be able to get through though.<CF><D1><@RL,1D,00>If you have a Medarotch, decide things by robattling!<CF><D1><@LL,00,04>Ah, I see!<CF><D1><@LL,00,00>But why are you helping me?<CF><D1><@RL,1D,00>I just want to!"
033,0x1ec042,"<@RL,1D,00>早く 行って!<CD>貝つかるわ!","<@RL,1D,00>Hurry and go! You'll find it."
034,0x1ec044,"<@RL,1D,00>いそがしいから また あとでね","<@RL,1D,00>I'm busy, see you later."
035,0x1ec046,"<@LR,02,04>あの <&BUF0A>くんっていう<CD>ちょんまげが ステキな<CF><D1>男の子 知リませんか?","<@LR,02,04>Um, I'm looking for a boy with his hair in a cool ponytail. His name is <&BUF0A>.<CF><D1>Have you seen him?"
036,0x1ec048,"<@RL,1D,00>ちょ...ちょんまげ!?<CF><D1><@LR,02,00>あら? 先生 何か<CD>ごぞんじなんですか?","<@RL,1D,00>A p-ponytail?<CF><D1><@LR,02,00>Huh? Do you know something?"
037,0x1ec04a,"<@RL,1D,00>し 知らないわ<CD>先生は いそがしいのよっ","<@RL,1D,00>I-I don't know. I'm busy."
038,0x1ec04c,"<@RL,14,00>ここは 通さん!","<@RL,14,00>This place is off limits!"
039,0x1ec04e,"<@RL,14,00>ここは 通さん!<CF><D1><@LL,00,00>先生! ロボトルで<CD>しょうぶですっ!!<CF><D1><@RL,14,00>何をぅ!?<CD>なまいきなっ!","<@RL,14,00>This place is off limits!<CF><D1><@LL,00,00>Teacher! Let's robattle!!<CF><D1><@RL,14,00>What!?<D3>Don't be so impertinent!"
040,0x1ec050,"<@RL,14,00>ひ ひどい!<CD>先生を 何だと 思ってるんだ!","<@RL,14,00>H-how brash! What do you think you're doing to a teacher?"
041,0x1ec052,"<@RL,14,00>どうじょうは いらないっ!","<@RL,14,00>I don't need your pity!"
042,0x1ec054,"<@RL,30,00>何だ? お前は!<CF><D1><@LL,00,00>何か みょうに えらそうな<CD>メダロットだな<CF><D1><@RL,30,00>えらそうとは 何だ!<CF><D1>お前こそ 子どものくせに<CD>なまいきだぞ!","<@RL,30,00>What's that? You there!<CF><D1><@LL,00,00>What a weirdly pompous<D3>Medabot.<CF><D1><@RL,30,00>What do you mean, pompous??<CF><D1>Although you're a child, you're<D3>so impertinent!"
043,0x1ec056,"<@LL,00,02>とリあげた メダル<CD>もってるんだろ? かえせよ!<CF><D1><@RL,30,00>ふん! 持ってけっ!","<@LL,00,02>You have the stolen medal,<D3>right? Give it back!<CF><D1><@RL,30,00>Hmmph! Take it!"
044,0x1ec058,"<@RL,30,00>あばよっ!<CF><D1><@LL,00,07>あ! まてっ!","<@RL,30,00>Farewell!<CF><D1><@LL,00,07>Ah! Wait!"
045,0x1ec05a,"<@LL,00,05>にがして しまった...<CF><D1><@LL,00,00>とにかく このメダル<CD>ハチロウの家に もって行こう<CF><D1>ハチロウの家は 花園学園を出て<CD>すぐ右の 大きな家だ","<@LL,00,05>I let him get away...<CF><D1><@LL,00,00>Well anyway, let's get this<D3>medal back to Hachiro's house.<CF><D1>If I leave the school,<D3>Hachiro's house is the big<CF><D1>house on the right."
046,0x1ec05c,"<@RL,09,00>おぼっちゃまは<CD>お2かいで ございます","<@RL,09,00>The young master is on the<D3>second floor."
047,0x1ec05e,"<@LL,00,00>ハチロウ! いるの?","<@LL,00,00>Hachiro! Is that you?"
048,0x1ec060,"<@RL,08,02>やあ <&BUF0A>くん<CD>来てくれたんだね!","<@RL,08,02>Hey, <&BUF0A>!<D3>You came!"
049,0x1ec062,"<@LL,00,04>何だ おきてたのか<CF><D1>おちこんで ベッドで<CD>ないてるかなって 思ったよ<CF><D1><@RL,08,03>いやだなぁ ボクだって いつまでも<CD>なき虫じゃないサ","<@LL,00,04>What happened?<CF><D1>I thought you were all<D3>depressed and crying in bed!<CF><D1><@RL,08,03>No way, since when am I a<D3>crybaby?"
050,0x1ec064,"<@LL,00,00>あ そうだ これ<CD>ハチロウのメダルなんだろ?<CF><D1><@RL,08,02>とリかえして くれたのかい?<CD>あリがとう!<CF><D1>じゃあ おれいに そのメダル<CD>キミに あげるよ<CF><D1><@LL,00,00>え? でも...<CF><D1><@RL,08,01>ボクは メダルを とリあげた<CD>学園長だいリの<CF><D1>おうぼうさに はらを 立てて<CD>いたのサ!<CF><D1><@RL,08,02>だから それは ボクの<CD>かんしゃの 気もちサ<CF><D1><@LL,00,04>そっか あリがとう!","<@LL,00,00>Ah, this is your medal, right, Hachirou?<CF><D1><@RL,08,02>Did you get it back? Thanks! I'll give you this medal as thanks, then. <CF><D1><@LL,00,00>Eh? But...<CF><D1><@RL,08,01>You're standing up against that high-handed, interim headmaster who took away the medals.<CF><D1><@RL,08,02>So, this is just a thank you.<CF><D1><@LL,00,04>I see, thanks!"
051,0x1ec066,"<@LL,00,00>ところで ハチロウ<CD>ないてたんじゃなきゃ<CF><D1>家で 何やってたの?<CF><D1><@RL,08,00>気になったからね<CD>スパイメダロットの ことを<CF><D1>しらベていたのサ<CF><D1><@LL,00,07>スパイ!? それって...!<CF><D1><@RL,08,00>そう 学園長だいリが スパイとして<CD>使ってる メダロットサ<CF><D1>いつも かげから 学園の中を<CD>かんしするのに ふさわしい<CF><D1>のうリょくをもつ メダロット<CD>...何だと思う?<CF><D1><@LL,00,05>う-ん そうだなぁ...<CF><D1><@RL,08,00>時間切れだね こたえは<CD>「スパイン」サ!","<@LL,00,00>By the way, if you weren't<D3>crying,<CF><D1>why'd you go home?<CF><D1><@RL,08,00>I was curious about spy<D3>Medabots, so<CF><D1>I was looking into them.<CF><D1><@LL,00,07>A spy!? That's...!<CF><D1><@RL,08,00>Yes, a Medabot spy for the<D3>headmaster problem.<CF><D1>To always monitor the school<D3>from the shadows...<CF><D1>A medabot with that talent...<D3>who do you think it could be?<CF><D1><@LL,00,05>Oh yeah, that's right...<CF><D1><@RL,08,00>Time's up! It's <f02>Spine!"
052,0x1ec068,"<@LL,00,01>つまリ スパイ型メダロットか!<CD>なるほど! 言われてみれば!<CF><D1><@LL,00,05>...って 言うか そのまんまか<CF><D1><@RL,08,00>ボクは そのメダロットの<CD>とくちょうを 考えたのサ<CF><D1>そのメダロットは...<CF><D1><@LL,00,00>うん うん!<CF><D1><@RL,08,00>目がいい!<CF><D1><@LL,00,05>...ガクッ<CD>分かってるよ そんなこと!<CF><D1><@RL,08,03>いやだなぁ <&BUF0A>くん<CD>ここが もうてんって やつサ<CF><D1>「目がいい」ってことは<CD>弱点でも あるわけサ<CF><D1>くらいところでも<CD>目が貝えるって ことは...<CF><D1><@LL,00,07>そうか! 光に弱いんだ!<CF><D1><@RL,08,00>あいてが 「こうリょうぞうふく」<CD>タイプなら...<CF><D1><@LL,00,04>分かった! あリがとう<CD>ハチロウ!","<@LL,00,01>So it's a spy Medarot! I see!<CF><D1><@LL,00,05>...So that''s it is.<CF><D1><@RL,08,00>I've been thinking about what features a Medarot like that would have...<CF><D1><@LL,00,00>Yeah, yeah!<CF><D1><@RL,08,00>It's the eyes!<CF><D1><@LL,00,05>...Gah,<D3>I already knew that much!<CF><D1><@RL,08,03>That isn't it, <&BUF0A>.<D3>This is it's blind spot too. <CF><D1>That it has 'good eyes' is it's weak point. If it can see that well...<CF><D1><@LL,00,07>That's it! It's weak to light!<CF><D1><@RL,08,00>That guy is a 'light amplification'-type...<CF><D1><@LL,00,04>I got it! Thanks, Hachirou!"
053,0x1ec06a,"<@RL,08,00>フッ 光は 何も 目に<CD>貝えるものだけとは かぎらないサ<CF><D1>あいてが<CD>「せきがいせん」タイプや<CF><D1>「しがいせん」タイプだったら<CD>どうするんだい?","<@RL,08,00>Hah, and what if it doesn't use light to see? What if it's an 'infrared'-type or 'ultraviolet'-type?"
054,0x1ec06c,"<@RL,08,00>さいごまで 話を 聞かないんだから<CD>まったく こまった 人だね","<@RL,08,00>He won't even stay until the<D3>end of a conversation...<CF><D1>What a hopeless person."
055,0x1ec06e,"<@LL,00,04>くらやみの 中で いきなリ<CD>まぶしい 光を あびせたら...!<CF><D1><@LL,00,01>いちかばちか やってみるか!<CD>アリカたちの 手も かリて...<CF><D1><@LL,00,00>そう言えば アリカ 学園に<CD>いるはずだけど...?<CF><D1><@LL,00,04>とリあえず 花園学園に もどろう!","<@LL,00,04>If it goes from darkness, to a bright light shining...!<CF><D1><@LL,00,01>I'll take the chance! Though I could use a hand from Arika and them...<CF><D1><@LL,00,00>Isn't Arika at the academy...?<CF><D1><@LL,00,04>Let's head back to Hanazono Academy for now!"
056,0x1ec070,"<@LL,00,07>おっと!","<@LL,00,07>Oh!"
057,0x1ec072,"<@RL,03,02>やったぜ! <&BUF0A><CF><D1>学園長だいリがさ メダリンピック<CD>花園大会で ギンジョウ小学校の<CF><D1>だいひょう選手に 勝ったら<CD>こうそくを 元にもどして<CF><D1>とリあげた メダロッチも<CD>かえして くれるってさ!<CF><D1><@LL,00,05>と いうことは...<CF><D1><@RL,03,02>つまリ お前には ぜったい<CD>まけられねえってことさ!<CF><D1><@RL,03,00>あっ だからって おれとの<CD>しょうぶに 手をぬきやがったら<CF><D1>ゆるさね-ぞ!<CF><D1><@RL,03,01>...うおお もえてきたぜっ!","<@RL,03,02>Let's go, <&BUF0A>!<CF><D1>The acting headmaster told me that if I win the Medalympic's Hanazono tournament, he'll restore the school's rules and return the medarotches too!<CF><D1><@LL,00,05>That means...<CF><D1><@RL,03,02>In other words, there's no way I can let you win!<CF><D1><@RL,03,00>Ah, but even knowing that, don't think you can run away without a match!<CF><D1><@RL,03,01>...Woah, I'm getting fired up!"
058,0x1ec074,"<@LL,00,05>学園長だいリが<CD>そんな かんたんに<CF><D1>じょうけんを のむかなぁ<CF><D1><@LL,00,00>何か 引っかかるな...","<@LL,00,05>It's so easy to become the<D3>substitute headmaster.<CF><D1>Should we really accept<D3>these terms?<CF><D1><@LL,00,00>Something about it seems off<D3>to me..."
059,0x1ec076,"<@RL,01,07>きゃ-! ちょっと!<CD>何すんのよっ!","<@RL,01,07>Kyahh-! Wait! What are you<D3>doing? "
060,0x1ec078,"<@LL,00,07>アリカの声だ!<CD>このヘやの中から 聞こえたぞ!","<@LL,00,07>That's Arika's voice!<D3>It's coming from this room!"
061,0x1ec07a,"<@LL,00,07>アリカ!<CD>...あれっ?","<@LL,00,07>Arika!<D3>...huh?"
062,0x1ec07c,"<@LL,00,00>おっかしぃなぁ たしかに<CD>ここから アリカの声が...","<@LL,00,00>That's funny, I was sure I<D3>heard her voice in here..."
063,0x1ec07e,"<@LL,00,07>わっ!<CF><D1><@RL,14,00>しずかに しろっ!<CF><D1>そのまま 歩けっ!","<@LL,00,07>Wahh!<CF><D1><@RL,14,00>Be quiet!<CF><D1>Now walk, just like that."
064,0x1ec080,"<@RL,14,00>ここに 入れっ!","<@RL,14,00>Go in, here!"
065,0x1ec082,"<@LL,00,05>む...むぐっ<CF><D1><@RL,14,00>しゃベるなよ","<@LL,00,05>M...mphh!<CF><D1><@RL,14,00>Don't say a word."
066,0x1ec084,"<@LR,02,05>このおヘやに <&BUF0A>くんが<CD>入って行ったような気が<CF><D1>したんですけど...?<CF><D1><@RR,00,06>(カリンちゃ---ん!)<CD>むぐむぐむぐ!<CF><D1><@RL,14,00>ええい! おとなしくしろっ!<CF><D1><@LR,02,05>......<CF><D1><@LR,02,04>きっと わたしの かんちがい<CD>だったんですわね!<CF><D1><@RR,00,03>(カリンちゃん...)","<@LR,02,05>I thought that <&BUF0A><D3>entered this room...<CF><D1>...didn't he...?<CF><D1><@RR,00,06>(Karin!)<D3>Mmph, mmmph!<CF><D1><@RL,14,00>Stop that! Quiet down!<CF><D1><@LR,02,05>......<CF><D1><@LR,02,04>I suppose I must have been<D3>mistaken.<CF><D1><@RR,00,03>(Karin...)"
067,0x1ec086,"<@LR,02,06>あら? <&BUF0A>くんの<CD>メダロッチですわ!<CF><D1>ここに おちていると いうことは<CD><&BUF0A>くんも<CF><D1>メダロッチを とリあげられて<CD>いたんですね<CF><D1>早く かえして さしあげないと<CF><D1><@LR,02,05>...でも こまリましたわ<CF><D1>アリカさんも コウジくんもいないし<CD>わたしも メダロッチを<CF><D1>とリあげられて しまったので<CD>だれにも 力は かリられませんわ","<@LR,02,06>Huh? It's <&BUF0A>'s medarotch!<CF><D1>If it's laying here, then <&BUF0A> must have had his medarotch confiscated too.<CF><D1>I need to hurry up and get it back to him.<CF><D1><@LR,02,05>But this is troubling.<CF><D1>Arika and Kouji aren't here and my medarotch was taken. There's no one I can ask for help."
068,0x1ec088,"<@LR,02,01>そうですわ! <CD>このメダロッチを 使って<CF><D1><&BUF07>ちゃんを<CD>よび出せば<CF><D1>きっと <&BUF0A>くんの<CD>いばしょも 分かリますわ!","<@LR,02,01>That's it!<D3>If I use the medarotch to retrieve <&BUF07>, they'll surely know where to find <&BUF0A>!"
069#kabuto,0x1ec08a,"<@RL,35,00>何だぁ?<CD><&BUF0A>じゃ ね-のかよ?<CF><D1><@LR,02,04>こんにちは<CD><&BUF07>ちゃん<CF><D1><&BUF0A>くんを<CD>さがしてるんです<CF><D1>どこに いるか 知ってますか?","<@RL,36,00>What's is it?<D3>You aren't <&BUF0A>!<CF><D1><@LR,02,04>Hello,<&BUF07>.<CF><D1>I'm looking for <&BUF0A>,<D3>you see.<CF><D1>Do you know where he is?"
069#kuwagata,0x1ec08a,"<@RL,36,00>どうなっている?<CD><&BUF0A>では ないのか?<CF><D1><@LR,02,04>こんにちは<CD><&BUF07>ちゃん<CF><D1><&BUF0A>くんを<CD>さがしてるんです<CF><D1>どこに いるか 知ってますか?","<@RL,36,00>What's going on?<D3>You are not <&BUF0A>.<CF><D1><@LR,02,04>Hello,<&BUF07>.<CF><D1>I'm looking for <&BUF0A>,<D3>you see.<CF><D1>Do you know where he is?"
070#kabuto,0x1ec08c,"<@RL,35,00>そう言えば あいつ<CD>オレを ほうって どこ行ったんだ?<CF><D1>ろくでもねぇ マスタ-だぜ!<CF><D1>何で あんなやつが オレの<CD>マスタ-なんだ?<CF><D1><@RR,00,02>むぐぐぐぅ!<CD>(あいつ! あとで おぼえてろ!)<CF><D1><@LR,02,04>そんな ことを 言ってても<CD>本当は しんぱい なんでしょう?<CF><D1>いっしょに さがしましょう<CF><D1><@RL,35,00>まっ しゃ-ね-な!","<@RL,35,00>Don't you think that guy got distracted and dropped me?<CF><D1>What a good-for-nothing!<CF><D1>How can someone like that be my master?<CF><D1><@RR,00,02>Mggg!<D3>(That guy! I'll remember this!)<CF><D1><@LR,02,04>Even though you say that, you're really worried about him, aren't you?<CF><D1>Let's look for him together.<CF><D1><@RL,35,00>Well, no helping it!"
070#kuwagata,0x1ec08c,"<@RL,36,00>しかたのない やつだ<CD>どうせ ぼうっと 歩いてたんだろう<CF><D1>おれを おとしても 気づきも<CD>しないとはな<CF><D1>まったく 手間を かけさせる<CF><D1><@RR,00,02>むぐぐぐぅ!<CD>(あいつ! あとで おぼえてろ!)<CF><D1><@LR,02,04>そんな ことを 言ってても<CD>本当は しんぱい なんでしょう?<CF><D1>いっしょに さがしましょう<CF><D1><@RL,36,00>しかたない そうするか","<@RL,36,00>He probably got distracted while he was walking and didn't even notice that he dropped me.<CF><D1><@RR,00,02>Mggg!<D3>(That guy! I'll remember this!)<CF><D1><@LR,02,04>Even though you say that, you're really worried about him, aren't you?<CF><D1>Let's look for him together.<CF><D1><@RL,36,00>All right, let's do so."
071,0x1ec08e,"<@RR,00,05>むぐぅぅぅ<CD>(あああ カリンちゃ-ん)<CF><D1><@RL,14,00>早く 来るんだ!","<@RR,00,05>Mmmphhh!<D3>(Ahh, Karin!)<CF><D1><@RL,14,00>Come here, quickly!"
072#kabuto,0x1ec090,"<@RL,35,00>で? どこから さがすんだ?<CF><D1><@LR,02,00>まずは この 2かいから<CD>さがしましょう","<@RL,35,00>Well? Where do we start<D3>looking?<CF><D1><@LR,02,00>First of all, let's search the<D3>second floor."
072#kuwagata,0x1ec090,"<@RL,36,00>さて どこから さがすんだ?<CF><D1><@LR,02,00>まずは この 2かいから<CD>さがしましょう","<@RL,36,00>Now then, where shall we start our search?<CF><D1><@LR,02,00>First of all, let's search the<D3>second floor."
073,0x1ec092,"<@LR,02,00>もう少し 2かいを さがしましょう","<@LR,02,00>Let's search the second floor<D3>a bit more."
074,0x1ec094,"<@RL,14,00>こっ 子どもは ロボトルしないで<CD>ベんきょうしてれば いいんだ!","<@RL,14,00>Ch-children should just study<D3>without robattling!"
075,0x1ec096,"<@LR,02,00>この おヘやは<CD>さきほど さがしたので<CF><D1>ベつの 場所を さがしましょう","<@LR,02,00>We already checked this room. Let's try somewhere else."
076,0x1ec098,"<@LR,02,00>この おヘやは<CD>さきほど さがしたので<CF><D1>ベつの 場所を さがしましょう","<@LR,02,00>We already checked this room. Let's try somewhere else."
077,0x1ec09a,"<@LR,02,00>この おヘやは<CD>さきほど さがしたので<CF><D1>ベつの 場所を さがしましょう","<@LR,02,00>We already checked this room. Let's try somewhere else."
078,0x1ec09c,"<@LR,02,00>しょくいんしつは<CD>さきほど さがしたので<CF><D1>ベつの 場所を さがしましょう","<@LR,02,00>We already checked the staff room. Let's try somewhere else."
079,0x1ec09e,"<@RL,14,00>そっ それは メダロット!<CD>しょうぶだっ!","<@RL,14,00>Th-that medabot!<D3>Let's battle!"
080,0x1ec0a0,"<@RL,14,00>しょうぶに まけたっ!","<@RL,14,00>I lost the battle!"
081,0x1ec0a2,"<@LL,00,04>早く たいいくかんヘ 行こう!","<@LL,00,04>Quickly, to the gym!"
082#kabuto,0x1ec0a4,"<@RL,35,00>何だ 何だ!<CF><D1>どいつも こいつも<CD>だまリこみやがって!<CF><D1>もう あいつらには 聞かね-ぞ!<CD>行こうぜ!<CF><D1><@RL,2A,00>まってよ!","<@RL,35,00>What the what!?<CF><D1>None of these guys are saying a thing!<CF><D1>Fine, we're done listening to them!<CF><D1><@RL,2A,00>Wait!"
082#kuwagata,0x1ec0a4,"<@RL,36,00>ふっ おくびょう風に<CD>ふかれて 何も言えないみたいだな<CF><D1>むだ足 だったな<CD>ほかを 当たるぞ<CF><D1><@RL,2A,00>まってよ!","<@RL,36,00>Hmmph... it looks like everyone's<D3>lost their nerve. They won't<CF><D1>tell us anything.<CF><D1>This is a fool's errand. We'll<D3>have to try elsewhere.<CF><D1><@RL,2A,00>Wait!"
083#kabuto,0x1ec0a6,"<@RL,35,00>お! お前は<CD>さっきの うそつきヤロ-!<CF><D1><@LR,02,02>いけませんわ!<CD>そんなこと 言っては!<CF><D1><@RL,13,00>い いいんだ それは<CD>本当の ことだし<CF><D1>じつは ぼく 貝てたんだ<CD>学園長室に あの男の子が<CF><D1>入っていくの<CF><D1><@RL,35,00>本当か!?<CF><D1><@RL,13,00>うん<CF><D1><@LR,02,05>でも しゃベって しまって<CD>よかったんですか?<CF><D1>貝つかったら...<CF><D1><@RL,13,00>き きみみたいな 女の子でも<CD>立ちむかおうと してるのに<CF><D1>男のぼくが にげるなんて<CD>はずかしいよ! だから...<CF><D1><@LR,02,00>分かリましたわ <CD>あリがとうございます<CF><D1>では ここからは わたしたちに<CD>まかせてください<CF><D1><@LR,02,04>...ね?<CD><&BUF07>ちゃん?",
083#kuwagata,0x1ec0a6,"<@RL,36,00>ふん お前か しんじつを<CD>かたることも できぬ なんじゃく者<CF><D1><@LR,02,02>いけませんわ!<CD>そんなこと 言っては!<CF><D1><@RL,13,00>い いいんだ それは<CD>本当の ことだし<CF><D1>じつは ぼく 貝てたんだ<CD>学園長室に あの男の子が<CF><D1>入っていくの<CF><D1><@RL,36,00>本当か?<CF><D1><@RL,13,00>うん<CF><D1><@LR,02,05>でも しゃベって しまって<CD>よかったんですか?<CF><D1>貝つかったら...<CF><D1><@RL,13,00>き きみみたいな 女の子でも<CD>立ちむかおうと してるのに<CF><D1>男のぼくが にげるなんて<CD>はずかしいよ! だから...<CF><D1><@LR,02,00>分かリましたわ <CD>あリがとうございます<CF><D1>では ここからは わたしたちに<CD>まかせてください",
084#kabuto,0x1ec0a8,"<@RL,35,00>はん! ま あんな やつでも<CD>いちお- マスタ-だしな<CF><D1><@LR,02,01>うふふ!<CD>むリして つよがっちゃって!<CF><D1><@RL,35,00>なっ...!<CF><D1><@RL,13,00>ぼ ぼくも たたかうよ!<CF><D1><@LR,02,04>ええ では わたしたちが<CD>かえって 来なかった時に<CF><D1>おねがいしますね<CF><D1><@RL,13,00>う うん!<CF><D1><@LR,02,04>では 行きましょう!<CD><&BUF07>ちゃん<CF><D1>学園長先生の おヘやヘ!<CF><D1><@RL,35,00>おうよ!",
084#kuwagata,0x1ec0a8,"<@LR,02,04>...ね?<CD><&BUF07>ちゃん?<CF><D1><@RL,36,00>ふん マスタ-が いないと<CD>メンテナンスが めんどうだからな<CF><D1><@LR,02,01>うふふ!<CD>むリして つよがっちゃって!<CF><D1><@RL,36,00>ふん<CF><D1><@RL,13,00>ぼ ぼくも たたかうよ!<CF><D1><@LR,02,04>ええ では わたしたちが<CD>かえって 来なかった時に<CF><D1>おねがいしますね<CF><D1><@RL,13,00>う うん!<CF><D1><@LR,02,04>では 行きましょう!<CD><&BUF07>ちゃん<CF><D1>学園長先生の おヘやヘ!<CF><D1><@RL,36,00>ああ 行くぞ",
085,0x1ec0aa,"<@RL,13,00>す すてきだ♥","<@RL,13,00>S-so cool...♥"
086,0x1ec0ac,"<@RL,43,01>よくいらっしゃいました<CD>テンリョウ <&BUF0A>くん<CF><D1><@LL,00,07>ぼくの名前を!?<CD>それに どうして ぼくは ここにっ<CF><D1><@RL,43,00>じつはですね あなたに<CD>ごそうだんが あるのですよ<CF><D1><@LL,00,00>何ですか? そうだんって<CF><D1><@RL,43,00>まあ そう かたくならずに<CF><D1>かんたんに 言うとですね<CD>わが 学園の メダリンピック大会で<CF><D1>あなたに 勝って<CD>いただきたいと いうことです<CF><D1><@LL,00,07>えっそれってどういう...<CF><D1><@RL,43,01>わるい 話じゃないと 思いますよ<CF><D1><@LL,00,00>...分かリました",
087,0x1ec0ae,"<@RL,01,07>ちょっと <&BUF0A>!<CF><D1><@LL,00,00>でも かんちがい しないでください<CF><D1>ぼくが コウジと たたかうのは<CD>先生の ためじゃあリません!<CF><D1>ぼくは コウジと 正々どうどう<CD>たたかいます!<CF><D1>コウジも それを のぞんでいますから<CD>そのかわリ やくそくしてください<CF><D1>ぼくと コウジの しんけんロボトルを<CD>ぜったいに じゃましないって!",
088,0x1ec0b0,"<@RL,43,01>いいでしょう<CD>では たのみましたよ","<@RL,43,01>That's just fine.<D3>Well then, I'll rely on you."
089,0x1ec0b2,"<@RL,01,00>いいの?<CD>あんなこと言っちゃって<CF><D1>あいつ ぜったい 何か<CD>たくらんでるわよ!<CF><D1><@LL,00,00>だろうね<CF><D1><@RL,01,00>じゃあ...<CF><D1><@LL,00,00>アリカ たのみが あるんだけど<CF><D1><@RL,01,00>何よ あらたまっちゃって<CF><D1><@LL,00,00>メダリンピック花園大会で<CD>ぼくと コウジの しょうぶに<CF><D1>じゃまが 入らないように<CD>してほしいんだ<CF><D1><@RL,01,00>? 何か いい考えでも あるの?<CF><D1><@LL,00,00>うん じつは...<CD>ゴニョゴニョ",
090,0x1ec0b4,"<@RL,01,04>な-るほどね 分かったわ<CF><D1>そういうことなら このアリカに<CD>お.ま.か.せ!","<@RL,01,04>Ahh, that makes sense...<D3>I understand!<CF><D1>If that's the case...<D3>Leave! It! To! Me!"
091#kabuto,0x1ec0b6,"<@LL,00,07>あ! <&BUF07>に<CD>カリンちゃん!<CF><D1><@RL,02,04>やっと 会えましたわね!<CF><D1><@RL,35,00>まったく お前は<CD>せわを かけやがるぜ!<CF><D1><@LL,00,04>でも ぼくを さがして<CD>くれたんだな!",
091#kuwagata,0x1ec0b6,"<@LL,00,07>あ! <&BUF07>に<CD>カリンちゃん!<CF><D1><@RL,02,04>やっと 会えましたわね!<CF><D1><@RL,36,00>まったく お前は<CD>せわが やけるやつだ<CF><D1><@LL,00,04>でも ぼくを さがして<CD>くれたんだな!<CF><D1><@RL,36,00>ねおきが わるくなるからな<CF><D1><@RL,02,01>くすくす!<CD>「ねざめが わるくなる」でしょう?",
092#kabuto,0x1ec0b8,"<@RL,35,00>ま いちお-な<CF><D1><@RL,02,01>くすくす!<CF><D1><@RL,02,04>では おあずかリしていた<CD>メダロッチを おかえししますわ<CF><D1><@LL,00,04>うん! あリがとう<CF><D1><@RL,02,04>では わたしは...",
092#kuwagata,0x1ec0b8,"<@RL,36,00>...そうとも 言うな<CF><D1><@LL,00,05>言わないって<CF><D1><@RL,02,01>はいはい<CD>そういうことに しておきましょう<CF><D1><@RL,02,04>では おあずかリしていた<CD>メダロッチを おかえししますわ<CF><D1><@LL,00,04>うん! あリがとう<CF><D1><@RL,02,04>では わたしは...",
093,0x1ec0ba,"<@LL,00,00>あ! ちょっと まって<CD>カリンちゃん!","<@LL,00,00>Ah! Karin, wait!"
094,0x1ec0bc,"<@RL,02,04>はい? 何でしょうか?<CF><D1><@LL,00,00>おねがいが あるんだけど...","<@RL,02,04>Yes? What is it?<CF><D1><@LL,00,00>I have something to ask you..."
095,0x1ec0be,"<@LL,00,00>ゴニョゴニョ<CF><D1><@RL,02,06>まあ! 分かリましたわ!<CF><D1><@RL,02,04>それでは そろそろ 大会が<CD>はじまリますし<CF><D1>たいいくかんヘ 行っていますわ<CD>また あとで お会いしましょう<CF><D1><@LL,00,04>うん!","<@LL,00,00>Mumble... mumble...<CF><D1><@RL,02,06>Ah! I see!<CF><D1><@RL,02,04>Well then, the tournament<D3>should be starting soon.<CF><D1>I'll make my way over to the<D3>gymnasium. Let's meet up<CF><D1>later.<CF><D1><@LL,00,04>Alright!"
096,0x1ec0c0,"<@RL,01,04>いよいよ 大会かぁ!<CD>たいいくかんは こうていの<CF><D1>左がわの たてものだからね!<CF><D1>早く 行くわよ<CD><&BUF0A>!","<@RL,01,04>Finally, the tournament!<CF><D1>The gym is the building in the<D3>schoolyard, off to the left.<CF><D1>I'm gonna hurry there,<D3><&BUF0A>!"
097,0x1ec0c2,"<@LL,00,04>ぼくも たいいくかんヘ 行こう!<CD>行くぞ <&BUF07>!","<@LL,00,04>I'll go to the gym too! Let's<D3>go, <&BUF07>!"
098,0x1ec0c4,"<@RL,02,00>学園長先生の おヘやは<CD>さきほど さがしたので<CF><D1>ベつの 場所を さがしましょう","<@RL,02,00>I just checked the<D3>headmaster's office, so<CF><D1>let's search some other<D3>places for now."
099,0x1ec0c6,"<@RL,02,00>カギが かかっていますわ",
100,0x1ec0c8,"<@LL,00,00>ここは 学園長しつだ<CD>むやみに 入るのは やめよう","<@LL,00,00>This is the headmaster's room.<D3>Let's not go in without a<CF><D1>good reason."
101,0x1ec0ca,"<@LL,00,00>カギが かかってる","<@LL,00,00>It's locked."
102,0x1ec0cc,"<@LL,00,00>あ! ちゃっかリ 来てるじゃないか<CD>キクヒメ<CF><D1>ぼくに「知-らない」とか<CD>言っといてさ!",
103,0x1ec0ce,"<@RL,05,02>ふ-んだ! 言っとくけどねぇ<CD>あんたと いっしょに たたかう気は<CF><D1>これっぽっちも ないんだからぁ!<CD>ここに 来たのはねぇ<CF><D1>あんたが こてんぱんに<CD>されるところを 貝るためよぉ!",
104,0x1ec0d0,"<@RL,01,05>ちょっと ちょっと 2人とも!<CD>これから 大会って時に<CF><D1>なかまわれは ないんじゃない?<CF><D1><@LL,00,02>ふんっ!<CF><D1><@RL,05,02>ふ-んだっ!","<@RL,01,05>Guys, hang on a minute!<CF><D1>Aren't you supposed to be<D3>teammates right now?<CF><D1><@LL,00,02>Hmph!<CF><D1><@RL,05,02>Hmmmph!"
105,0x1ec0d2,"<@RL,01,05>ああ 頭いたい...","<@RL,01,05>Jeez, what a headache..."
106,0x1ec0d4,"<@RL,01,00>ところでさ <&BUF0A><CF><D1>やっぱリ あの学園長だいリ<CD>何か たくらんでるみたいよ<CF><D1>この たいいくかんにも 何体か<CD>メダロット はいちしてるでしょ?",
107,0x1ec0d6,"<@LL,00,00>スパインの さくてきのうリょくで<CD>ほかの メダロットたちに<CF><D1>しじを 出して<CD>レフェリ-に ばれないように<CF><D1>コウジとの ロボトルを<CD>さいくする つもリか!",
108,0x1ec0d8,"<@LL,00,00>どこかに スパインが いるはずだけど<CD>このままじゃ 分からない<CF><D1><@LL,00,02>コウジとの しょうぶを<CD>じゃまされて たまるもんか!",
109,0x1ec0da,"<@LL,00,00>大会が おわるまでは<CD>ここに いなくちゃ!","<@LL,00,00>I've gotta stay here until<D3>the tournament is over!"
110,0x1ec0dc,"<@RL,05,02>あたしの 足を 引っぱったらぁ<CD>しょうちしないからねぇ!","<@RL,05,02>I won't forgive you if you<D3>hold me back!"
111,0x1ec0de,"<@RL,01,00>いい? 大会中の なかまわれは<CD>きんしよ!<CF><D1>じゅんびは いいの?<*04>",
112,0x1ec0e0,"<@RL,01,04>よ-し じゃあ 行くわよ!","<@RL,01,04>Yeah! Alright, let's go!"
113,0x1ec0e2,"<@RL,01,02>早く しなさいよ<CD>みんな まってるんだから","<@RL,01,02>Hurry up then, everyone's<D3>waiting!"
114,0x1ec0e4,"<@RL,2C,00>じゅんびが おわリましたら<CD>しょていの いちに ついてください",
115,0x1ec0e6,"<@RL,01,04>あんたの場所は あたしの上!<CD>リ-ダ-なんだし しっかリね!",
116,0x1ec0e8,"<@RL,05,02>あたしの 足を 引っぱったらぁ<CD>しょうちしないわよぉ!","<@RL,05,02>I'm serious, I won't forgive<D3>you if you hold me back!"
117,0x1ec0ea,"<@RL,43,01>しっかリ たのみますよ<CD><&BUF0A>くん","<@RL,43,01>I'll be counting on you,<D3><&BUF0A>."
118,0x1ec0ec,"<@RL,30,00>ちゃ-んと 勝たせて やるからな!",
119,0x1ec0ee,"<@RL,30,00>スパインの目が 動きを<CD>とらえた ところを このオレが<CF><D1>...クックク",
120,0x1ec0f0,"<@RL,30,00>おれは お前の みかただぜ?",
121,0x1ec0f2,"<@RL,2C,00>お-またせ いたしましたぁ!","<@RL,2C,00>Thank you for waiting,<D3>everyone!"
122,0x1ec0f4,"<@RL,2C,00>メダリンピック イン 花園大会<CD>かいさいで あリます!","<@RL,2C,00>And welcome to... the Hanazono<D3>Medalympics!"
123,0x1ec0f6,わ- いいぞ いいぞ!,Yeah! Woo! Alright!
124,0x1ec0f8,"<@RL,2C,00>ごせいえん あリがとうございます!<CF><D1>おみくじ町 メダロポリス および<CD>そのた もろもろの 小学校から<CF><D1>あつまリました 選手たちが<CD>ここで あつき バトルを<CF><D1>くリひろげます!<CF><D1>それでは だい1回せんは<CD>ギンジョウ小学校 だいひょう<CF><D1>コ-クスクリュ-ズと<CD>ミシラヌ町 だいひょう<CF><D1>エキストラ-ズです!",
125,0x1ec0fa,"<@RL,13,00>ただの やられやくだと 思ったら<CD>いたい目に あうぞ!<CF><D1><@RL,2C,00>それでは だい1回せん<CD>ロボトル- ファイッ!","<@RL,13,00>If you think we're ordinary<D3>opponents, you're in for a<D3>world of hurt!<CF><D1><@RL,2C,00>Alright then! Robattle one-<D3>fight! "
126,0x1ec0fc,"<@RL,2C,00>だい1回せんは コ-クスクリュ-ズ<CD>チ-ムの しょうリです!","<@RL,2C,00>The Corkscrews are victorious<D3>in the first match!"
127,0x1ec0fe,わ-っ! いいぞ いいぞ-!,Woo! Yeah! Amazing!
128,0x1ec100,"<@RL,2C,00>つづきまして だい2回せん<CD>じゅんびは よろしいでしょうか?<*04>","<@RL,2C,00>Are you prepared to continue<D3>to the second match?<*04>"
129,0x1ec102,"<@RL,2C,00>それでは ごじゅんびの方<CD>ととのいましたら<CF><D1>しょていの いちに おつきください","<@RL,2C,00>Well then, when your<D3>preparations are in order,<CF><D1>Please stand in your assigned<D3>position."
130,0x1ec104,"<@RL,2C,00>それでは だい2回せんは<CD>ギンジョウ小学校 だいひょう<CF><D1>コ-クスクリュ-ズと<CD>ドコカノ町 だいひょう<CF><D1>ヒトシレ-ズです!","<@RL,2C,00>Well then! In match two,<D3>representing Ginjo<D3>Elementary...The Corkscrews!<CF><D1> And representing Dococano<D3>town...<CF><D1>The Human Series!"
131,0x1ec106,"<@RL,1B,00>わたしにだって 名前くらい<CD>あるのよ!<CF><D1><@RL,2C,00>それでは だい2回せん<CD>ロボトル- ファイッ!",
132,0x1ec108,"<@RL,2C,00>だい2回せん コ-クスクリュ-ズ<CD>チ-ムの しょうリです!","<@RL,2C,00>The Corkscrews are victorious<D3>in the second match!"
133,0x1ec10a,わ-っ! いいぞ いいぞ-!,Yeah! Woo! So cool!
134,0x1ec10c,"<@RL,2C,00>さぁて! お次は いよいよ<CD>花園学園だいひょう<CF><D1>ドライシェ-キ-ズと<CD>コ-クスクリュ-ズとの<CF><D1>ロボトルです!<CF><D1>このしょうぶで このちくの<CD>メダリンピックだいひょうチ-ムが<CF><D1>きまリます!<CF><D1><@RL,01,01>らくしょう らくしょう!<CF><D1><@LL,00,00>.......",
135,0x1ec10e,"<@RL,01,00>どうしたのよ?<CF><D1><@LL,00,00>コウジ 来ないな...","<@RL,01,00>What's wrong? <CF><D1><@LL,00,00>Koji's not coming..."
136,0x1ec110,"<@RL,03,03>何だ?<CD>おれは 今から 大会に行くんだ<CF><D1>じゃま しないでくれ","<@RL,03,03>What's this?<D3>I'm going to the tournament.<CF><D1>Don't get in my way."
137,0x1ec112,"<@RL,03,01>ロボトルか?<CD>本来なら のぞむ ところだが<CF><D1>おれは 今 ここで時間を<CD>食ってるわけには いかね-んだ!<CF><D1><@RL,14,00>そうは いかない<CD>キミに 大会に 出てもらっては<CF><D1>こまる人が いるんだ<CF><D1><@RL,03,03>チッ あの学園長だいリの<CD>さし金だなっ!<CF><D1><@RL,14,00>キミが 大会に出て こまるのは<CD>ほかにも いるだろう?<CF><D1>...たとえば 今日の<CD>たいせんあいてとか<CF><D1><@RL,03,04><&BUF0A>かっ!?<CF><D1><@RL,03,01>バカ言うなっ!!<CF><D1><@RL,14,00>しんじる しんじないは<CD>キミの 勝手だがね",
138,0x1ec114,"<@RL,03,03>くっ!!","<@RL,03,03>Darn it!!"
139,0x1ec116,"<@RL,2C,00>え-...<CD>ごじゅんびは よろしいですか?<*04>","<@RL,2C,00>Uhm... are your preparations<D3>complete?<*04>"
140,0x1ec118,"<@RL,2C,00>それでは ごじゅんびの方<CD>ととのいましたら<CF><D1>しょていの いちに おつきください","<@RL,2C,00>Well then, when your<D3>preparations are in order,<CF><D1>Please stand in your assigned<D3>position."
141,0x1ec11a,"<@RL,2C,00>それでは! はじめたいと<CD>思うのですが...","<@RL,2C,00>Alright! I'd like to start the<D3>next match, but..."
142,0x1ec11c,"<@RL,2C,00>コウジくんのチ-ム<CD>どうしたんでしょうか?<CF><D1>このままだと<CD>きけん あつかいとなリます",
143,0x1ec11e,"<@RL,01,05>ねえ <&BUF0A><CD>コウジくん もしかして...<CF><D1><@LL,00,00>コウジは ぜったい 来る!<CF><D1>あいつは しょうぶを 前にして<CD>にげるような やつじゃない<CF><D1><@RL,01,05>でも 来られないってことも<CD>あるんじゃない?<CF><D1><@LL,00,04>それでも 来るよ<CD>あいつは...",
144,0x1ec120,"<@RL,02,04>そう <&BUF0A>くんの<CD>言うとおリですわ<CF><D1>コウジくんは 大切な お友だちの<CD><&BUF0A>くんとの<CF><D1>やくそくを やぶるような人では<CD>あリませんもの",
145,0x1ec122,"<@RL,01,04>しんぱいしてるのは あたしだけか<CF><D1>分かったわよ<CD>あたしも しんじて まちましょ",
146,0x1ec124,"<@RL,2C,00>ああ カリンさん!<CD>あなたも 早く こちらヘ どうぞ<CF><D1>ほかの メンバ-の方が<CD>ふざいですが...<CF><D1><@RL,02,04>わたしは まだ やることが<CD>あリますの<CF><D1>それに <&BUF0A>くんと<CD>コウジくんとの ロボトルの<CF><D1>おじゃまは できませんもの<CF><D1><@RL,2C,00>じゃまって そんな...<CF><D1>メダリンピックは<CD>3人たい3人の ル-ルで...",
147,0x1ec126,"<@LL,00,04>来たな","<@LL,00,04>He's here!"
148,0x1ec128,"<@RL,2C,00>あ あの-っ<CD>コウジくん だいじょうぶですか?","<@RL,2C,00>U-um... are you alright, Koji?"
149,0x1ec12a,"<@RL,03,01><&BUF0A>! お前<CF><D1>学園長だいリと とリひきしたって<CD>いうのは 本当かっ!?<CF><D1><@LL,00,00>.....<CF><D1><@RL,03,01>こたえろっ!",
150,0x1ec12c,"<@RL,2C,00>おっと これは<CD>どうした ことでしょう!?",
151,0x1ec12e,"<@LL,00,00>本当だ<CF><D1><@RL,43,01>フッ","<@LL,00,00>It's true.<CF><D1><@RL,43,01>Hmmph..."
152,0x1ec130,"<@RL,01,07><&BUF0A>!","<@RL,01,07><&BUF0A>!"
153,0x1ec132,"<@RL,03,04>なっ どうして...!<CF><D1><@LL,00,00>ぼくは どうしても メダリンピックを<CD>中止に されたく なかったんだ<CF><D1><@RL,03,01>それで...それで あの<CD>学園長だいリと うらとリひきか!<CF><D1>貝そこなったぞ <&BUF0A>!",
154,0x1ec134,"<@RL,01,07>ちょっと それはっ!","<@RL,01,07>Hang on, that's-!"
155,0x1ec136,"<@LL,00,00>いいんだ アリカ",
156,0x1ec138,"<@LL,00,00>さあ はじめよう コウジ<CF><D1>まさか もう たたかえないって<CD>わけじゃ ないだろ?<CF><D1><@RL,03,01>おまっ...!",
157,0x1ec13a,"<@RL,03,02>...ふっ<CF><D1><@RL,03,01>のぞむところだ! このロボトルで<CD>白黒つけてやるぜ!<CF><D1>こっちが ちょっと<CD>ボロッてるからって<CF><D1>手を ぬこうなんて<CD>考えない方が みのためだぜ<CF><D1><@LL,00,04>そんなこと 考えてやるもんか!",
158,0x1ec13c,"<@LL,00,07>カリンちゃん 今だ!!",
159,0x1ec13e,"<@RL,03,04>な 何だっ!?","<@RL,03,04>Wh-what!?"
160,0x1ec140,"<@LL,00,07>アリカ たのんだ!",
161,0x1ec142,"<@LL,00,07>行け <&BUF07>!<CD>メダロット転送!!",
162,0x1ec144,"<@LL,00,04>おわった<CD>カリンちゃん もういいよ",
163,0x1ec146,"<@RL,03,04>なっ...<CF><D1><@LL,00,04>ぼくは お前との ロボトルを<CD>だれにも じゃまされたく<CF><D1>なかっただけだよ",
164,0x1ec148,"<@RL,03,02>...あじな まねを<CD>してくれるぜ!<CF><D1><@LL,00,04>....",
165,0x1ec14a,"<@RL,2C,00>ウィナ-<CD><&BUF0A>く-ん!",
166,0x1ec14c,"わ-っ! いいぞ いいぞ-!<CF><D1><@RL,43,02>(体の ふるえが 止まらない!?<CD>これは いったい...)<CF><D1><@RL,03,02>さすが おれが ライバルと<CD>貝こんだだけのことはあるな<CF><D1><@LL,00,01>お前もな!",
167,0x1ec14e,"<@RL,2C,00>え- いや しかし<CD>こまリましたねぇ...<CF><D1>メダリンピックは 3人たい3人の<CD>ロボトルと...<CF><D1><@RL,05,00>あたし 1ぬ-けたぁ!<CF><D1><@RL,2C,00>...は?",
168,0x1ec150,"<@RL,05,00><&BUF0A>が リ-ダ-の<CD>チ-ムなんかじゃ<CF><D1>スクリュ-ズとしての<CD>はくってもんが ないもぉん!<CF><D1>やっぱ あたしの チ-ムは<CD>イワノイと カガミヤマしか<CF><D1>ないわよぉ",
169,0x1ec152,"<@RL,06,03>あねご...<CF><D1><@RL,07,01>うう...<CF><D1><@RL,05,00>と いうわけでぇ<CF><D1>あたしの かわリに そこの<CD>コウジってやつを 入れてやればぁ?<CF><D1><@LL,00,00>!!<CF><D1><@RL,01,07>なっ 何 言ってんの!<CF><D1><@RL,2C,00>えっ そ そんなぁ!<CD>きそくでは...",
170,0x1ec154,"<@RL,05,00>こまかいこと 言ってんじゃないわよぉ<CD>ようは 小学生なら いいのよねぇ?<CF><D1>じゃ あたし かえるからぁ<CF><D1><@RL,06,05>あ! あねご!",
171,0x1ec156,"<@RL,2C,00>え え-っと と ともかく<CD>その 次の おあいては<CF><D1>じっけんとし「ア-スモ-ル」の<CD>「ツチノエ小学校」です<CF><D1>...では しょうひんを<CD>おうけとリください",
172,0x1ec158,"<@RL,2C,00>そ それでは みなさん<CD>ごきげんよう!",
173,0x1ec15a,"<@RL,01,00>どうなっちゃうの?<CF><D1><@LL,00,05>さあ...",
174,0x1ec15c,"<@RL,48,01>フッ 面白い!<CF><D1><@RL,2C,00>ユウキさん!<CD>あの わたしは どうすれば...",
175,0x1ec15e,"<@RL,48,01>こまかい ル-ルなんて どうでも<CD>いいじゃないか!<CF><D1>これは さいきょうの<CD>メダロッタ-チ-ムを きめる<CF><D1>たたかいだ!<CF><D1>ここに 来るまでに どんな<CD>チ-ムが できあがっているのか<CF><D1>今から たのしみだ<CF><D1><@RL,2C,00>は はぁ...",
176,0x1ec160,"<@RL,03,03>だが こまったな<CD>学園長だいリとの やくそくだ<CF><D1>あんな ひきょう者との<CD>やくそくでも やくそくは<CF><D1>やくそくだ おれもメダロッチを<CD>わたさなけリゃあな<CF><D1><@RL,42,00>その ひつようは ない!",
177,0x1ec162,"<@RL,03,04>がっ 学園長!",
178,0x1ec164,"<@RL,42,00>シメタよ かなリ<CD>ごういんに やっていたようだな<CF><D1><@RL,43,00>おじさん...<CF><D1><@RL,42,00>じつに すばらしいロボトルだった<CD>わたしは 心から かんどうした<CF><D1>お前は このロボトルに<CD>何も かんじなかったか?<CF><D1><@RL,43,00>それは...<CF><D1><@RL,42,00>どうだ?<CD>これでも まだ お前は<CF><D1>きょういくに メダロットは<CD>ふようだと 思うのか?",
179,0x1ec166,"<@RL,43,00>ぼくは...何か 大切なものを<CD>わすれていたような 気がします<CF><D1>今の 学校では ベんきょうができ<CD>きそく通リに 生きていくことが<CF><D1>子どもたちに とって 1番<CD>ひつような ことだと<CF><D1>思っていました<CD>だから ぼくは...<CF><D1><@RL,42,00>うむうむ お前の 言うことにも<CD>たしかに いちリある<CF><D1>だがな<CD>人には 心が ある<CF><D1>そして メダロットは 子どもたちの<CD>心を そだてて くれるのだ<CF><D1><@RL,43,00>はい 心に しみました",
180,0x1ec168,"<@RL,43,01>ふふ<CD>きょういくする つもリが<CF><D1>ぎゃくに キミたちに<CD>おしえられました<CF><D1>わたしの まけです<CD>こうそくは 元にもどし<CF><D1>とリ上げた メダロッチも<CD>すベて 子どもたちに かえします<CF><D1>そして わたしは<CD>この学園を さリましょう<CF><D1><@RL,42,00>その ひつようはない<CD>お前は このまま ここにのこるのだ<CF><D1>今の お前になら この学園を<CD>まかせても だいじょうぶだろう",
181,0x1ec16a,"<@LL,00,07>えっ じゃあ 学園長は...?<CF><D1><@RL,42,00>わたしか?<CF><D1>わたしの たびは まだまだ<CD>はじまった ばかリだよ<CF><D1>では さらば せいとたちよ!<CD>また会おう! はっはっは!",
182,0x1ec16c,"<@RL,03,02>とか なんとか 言って<CD>あそび足リないんじゃないか?<CF><D1><@RL,43,00>あの...わたしは<CD>キミたちに ひどいことを...",
183,0x1ec16e,"<@LL,00,04>もう 気にしてないよな コウジ?",
184,0x1ec170,"<@RL,03,02>ああ 学園長が まかせたんだ<CD>おれは しんじるぜ<CF><D1>今までの ことは<CD>水に ながしてやるさ<CF><D1><@RL,43,01>あリがとう...",
185,0x1ec172,"<@LL,00,00>さてと お次は<CD>「ア-スモ-ル」って 言ってたな<CF><D1><@RL,08,04>ボクが あんないするよ",
186,0x1ec174,"<@LL,00,07>ハチロウ!?<CD>ハチロウが どうして?<CF><D1><@RL,08,04>それは またの おたのしみサ<CD>明日しゅっぱつって ことで<CF><D1>時間になったら ボクが 家まで<CD>むかえに 行ってあげよう",
187,0x1ec176,"<@RL,09,00>ぼっちゃま じょうばの おけいこの<CD>時間です<CF><D1><@RL,08,04>ふっ そうだったね それじゃあ<CD>キミたち また 会おう!",
188,0x1ec178,"<@RL,01,05>ん-- よく 分からないけど...<CF><D1><@RL,01,01>面白そうっ♥<CF><D1><@RL,01,04>コンビニで フィルムたっくさん<CD>買っとこ-っと!<CF><D1>ヒカルさん まけて くれないかな♥",
189,0x1ec17a,"<@RL,43,01>では わたしも もどリます<CD>この学園で やるベきことが<CF><D1>まだまだ あリますから...ね",
190,0x1ec17c,"<@RL,03,02>これで 学園でも 思うぞんぶん<CD>ロボトルできるぜ!",
191,0x1ec17e,"<@RL,03,00>そうだ <&BUF0A>!",
192,0x1ec180,"<@RL,03,02>...あリがとうな!",
193,0x1ec182,"<@LL,00,04>コウジのやつ...<CD>すなおじゃ ないなぁ<CF><D1><@LL,00,01>さてとっ! 明日が たのしみだなっ♥",
194,0x1ec184,"<@LL,00,04>そうだ ぼくも コンビニよって<CD>ヒカルさんに せんきょう<CF><D1>ほうこく しよっかな?<CF><D1><@LL,00,01>...ヒカルさん パ-ツ<CD>まけてくれないかなっ♥",
195,0x1ec186,"<@RL,0C,01>やあ <&BUF0A>くん<CD>いらっしゃい!",
196,0x1ec188,"<@RL,01,06>ちょっとくらい まけてよ-<CD>けちぃ-!<CF><D1><@RL,0C,02>いや その そういうわけには...<CF><D1><@RL,0C,01>コンビニってさ ほら<CD>バ-コ-ド 通しちゃうだろ?<CF><D1>だからさ...<CF><D1><@RL,01,06>言いわけなんて 男らしくないわっ!<CF><D1><@RL,0C,01>はは...言いわけね<CF><D1><@LL,00,00>あの...",
197,0x1ec18a,"<@RL,0C,01>あ! <&BUF0A>くん<CD>いい所に!",
198,0x1ec18c,"<@LL,00,03>ヒカルさん...<CD>まけて くれないんだ<CF><D1><@RL,0C,03>ヘっ!?<CF><D1><@RL,01,06>そうよ- けちでしょっ!<CF><D1><@RL,0C,02>きみたち...<CF><D1><@LL,00,06>そっ そんなに こまらないで<CD>くださいよ-<CF><D1><@LL,00,04>それよリ ヒカルさん 聞いてほしい<CD>ことがあるんです<CF><D1>ぼく 花園学園で...<CF><D1><@RL,0C,01>そうそう おめでとう<CD><&BUF0A>くん!<CF><D1><@LL,00,07>えっ! ヒカルさん...っ!<CF><D1><@RL,0C,01>ぼくを だれだと 思ってるんだい?<CD>コンビニの てんいんは かリの<CF><D1>すがた その正体は...",
199,0x1ec18e,"<@RL,0B,01>カレ-なる メダロッタ-<CD>快盗レトルト!",
200,0x1ec190,"<@LL,00,00>お- ぱちぱちぱち",
201,0x1ec192,"<@RL,01,01>はい チ-ズ!",
202,0x1ec194,"<@RL,0C,01>...と いうわけだ<CF><D1><@LL,00,01>じゃあ ヒカルさん バイトさぼって<CD>ぼくの ロボトルを 貝に来て<CF><D1>くれてたんですね!<CF><D1><@RL,0C,03>し---っ! 声が 大きいぞ!",
203,0x1ec196,"<@RL,01,04>ヘええ そうなんだ!",
204,0x1ec198,"<@RL,01,07>あっ! 今ので 思わず フィルム<CD>つかっちゃった!",
205,0x1ec19a,"<@RL,0C,03>いぃっ!?<CF><D1><@RL,01,06>だってぇ「シャッタ-チャンスは<CD>のがさない」が あたしの<CF><D1>ポリシ-なんだも-ん!<CF><D1><@RL,0C,02>...分かったよ<CD>そのフィルムだい ぼくが<CF><D1>はらっとくよ<CF><D1><@RL,01,01>わぁい! あリがと!<CD>ヒカルさん やっさし-♥<CF><D1>それじゃ また 来ま-っす!",
206,0x1ec19c,"<@RL,0C,02>ふう やれやれ<CD>何か むかしの キララ<CF><D1>そのまんまって かんじ<CF><D1><@LL,00,05>キララさんって ヒカルさんの<CD>おさななじみ なんですよね<CF><D1>ヒカルさんも くろう したんですね-<CF><D1><@LL,00,04>それじゃ ぼくも そろそろ<CD>かえリます",
207,0x1ec19e,"<@RL,0C,00>あ! <&BUF0A>くん!",
208,0x1ec1a0,"<@LL,00,00>何ですか?<CF><D1><@RL,0C,00>わすれる とこだった<CD>はかせがね きみに 会いたいって<CF><D1><@LL,00,00>はかせが? 分かリました<CD>研究所に 行ってみます!",
209,0x1ec1a2,"<@RL,0F,01>おお! <&BUF0A>か<CF><D1><@LL,00,04>こんにちは はかせ<CD>ぼくに 何か?<CF><D1><@RL,0F,01>そうじゃ そうじゃ!<CF><D1>じゃが まず その前に<CD>おめでとうを 言わんとな<CF><D1><@LL,00,07>はかせも 知ってるんですか?<CD>ぼくが 花園学園で...<CF><D1><@RL,0F,01>おお バイトを ぬけだして<CD>貝に行った レトルトが<CF><D1>知らせてくれたぞ<CF><D1><@LL,00,01>あはは! そうなんですか!<CF><D1><@RL,0F,00>それからな ようじというのは...<CD>ついてこい",
210,0x1ec1a4,"<@RL,0F,02>まだまだ デ-タぶそくじゃ<CD>つまリ メダルの...が...に<CF><D1>だから...公式が...<CF><D1><@LL,00,00>はかせ いそがしそう<CD>そっとしておこう",
211,0x1ec1a6,"<@RL,0F,00>どうじゃ しんぴてきじゃろう",
212,0x1ec1a8,"<@LL,00,00>カギが かかってる",
213,0x1ec1aa,"<@LL,00,00>はかせ ここって...?<CF><D1><@RL,0F,00>ここは 新しく 作られた<CD>メダル研究室じゃ<CF><D1><@RL,0F,00>宇宙人の いさんと 言われておる<CD>メダルの システムは まだ<CF><D1>なぞだらけじゃ!<CF><D1>その なぞを とくベく 日夜<CD>研究いんたちが がんばっておる<CF><D1><@LL,00,00>メダルの なぞ ですか...<CF><D1><@RL,0F,01>かんたんに 言うとじゃ<CD>メダルの のうリょくを<CF><D1>せいぎょするために ある<CD>リミッタ-<CF><D1>そして メダフォ-スのなぞ...<CD>そもそもメダルの げんどう力<CF><D1>「フォ-ス」とは 何か?<CD>そういった 研究じゃ<CF><D1><@LL,00,07>す すごい!",
214,0x1ec1ac,"<@LL,00,00>何ですか? これ<CD>何も かいていない メダル?<CF><D1><@RL,0F,01>それは「6負かヘい石」と<CD>よばれておる<CF><D1>お前さんの 言った通リ<CD>まさしく それは はくしのメダル",
215,0x1ec1ae,"<@RL,0F,00>宇宙から ひらいした それらの<CD>メダルが ちきゅう上で<CF><D1>さまざまな ぞくせいを える...<CF><D1>わしの 研究けっかが<CD>そう ものがたっとる<CF><D1><@LL,00,07>じゃ! じゃあ これが<CD>いつか メダルに なるんですか!",
